<?xml version="1.0" encoding="UTF-8"?>
<!DOCTYPE suite SYSTEM "https://testng.org/testng-1.0.dtd">
<suite name="BatchExecutiion">
  <test thread-count="5" name="Test">
    <classes>
      <class name="nakodr_TestCases.ForgotPasswordValidation"/>
      <class name="nakodr_TestCases.LoginPageValidation"/>
      <class name="nakodr_TestCases.BasicScript"/>
      <class name="nakodr_TestCases.BasicScriptTest"/>
      <class name="nakodr_TestCases.SignupPageValidation"/>
    </classes>
  </test> <!-- Test -->
</suite> <!-- BatchExecutiion -->
